[
    {
        "firstName": "Chris",
        "lastName": "Allen",
        "birthDate": "03/22/1996",
        "email": "callen@yahoo.com",
        "height": 69,
        "weight": 180
    },
    {
        "firstName": "Robert",
        "lastName": "Allen",
        "birthDate": "05/22/1998",
        "email": "sallen@yahoo.com",
        "height": 68,
        "weight": 170
    },
    {
        "firstName": "Stephen",
        "lastName": "Allen",
        "birthDate": "05/22/1998",
        "email": "rallen@yahoo.com",
        "height": 68,
        "weight": 200
    }
]